aeddiejemison	aeddiejemison
atimothypaulperez	atimothypaulperez
acaseyaffleck	acaseyaffleck
ajorgerhernandez	ajorgerhernandez
astanleyanderson	astanleyanderson
atonygoldwyn	atonygoldwyn
afrankpatton	afrankpatton
anicholaswoodeson	anicholaswoodeson
anelsonpeltz	anelsonpeltz
ajohnfinn	ajohnfinn
alorigalinski	alorigalinski
atimrobbins	atimrobbins
agretascacchi	agretascacchi
adontiffany	adontiffany
abradpitt	abradpitt
ajohnheard	ajohnheard
aelliottgould	aelliottgould
aannejacques	aannejacques
alylelovett	alylelovett
acarolflorence	acarolflorence
aleahayres	aleahayres
arobertculp	arobertculp
adinaconnolly	adinaconnolly
aandygarcia	aandygarcia
adenzelwashington	adenzelwashington
aberniemac	aberniemac
acynthiastevenson	acynthiastevenson
adeanstockwell	adeanstockwell
aanthonyheald	aanthonyheald
ahumecronyn	ahumecronyn
adinamerrill	adinamerrill
apetergallagher	apetergallagher
aangelahall	aangelahall
ajohnlithgow	ajohnlithgow
ajamessikking	ajamessikking
alarrysontag	alarrysontag
avincentdonofrio	avincentdonofrio
abrionjames	abrionjames
afredward	afredward
amarkgantt	amarkgantt
astanleytucci	astanleytucci
apaullnolan	apaullnolan
arichardegrant	arichardegrant
acatherinezetajones	acatherinezetajones
asamshepard	asamshepard
awhoopigoldberg	awhoopigoldberg
ajuliaroberts	ajuliaroberts
ageorgeclooney	ageorgeclooney
adavidsontag	adavidsontag
awilliamatherton	awilliamatherton
asydneypollack	asydneypollack
aminianden	aminianden
ascottcaan	ascottcaan
aceceliaannbirt	aceceliaannbirt
aedkross	aedkross
amichaeldouglas	amichaeldouglas
arobyndouglass	arobyndouglass
alewissmith	alewissmith
abillyconnolly	abillyconnolly
adanielvonbargen	adanielvonbargen
adenisarndt	adenisarndt
afloramontgomery	afloramontgomery
asheilapaterson	asheilapaterson
astancollymore	astancollymore
abenjaminmouton	abenjaminmouton
ajeannetripplehorn	ajeannetripplehorn
aneilmaskell	aneilmaskell
asharonstone	asharonstone
aellenthomas	aellenthomas
adavidarnett	adavidarnett
ajackmcgee	ajackmcgee
awayneknight	awayneknight
ajustinmonjo	ajustinmonjo
ajaimzwoolvett	ajaimzwoolvett
atimberrington	atimberrington
astephentobolowsky	astephentobolowsky
agilbellows	agilbellows
adavidthewlis	adavidthewlis
aianholm	aianholm
abenjohnson	abenjohnson
adannflorek	adannflorek
aheathcotewilliams	aheathcotewilliams
acharlotterampling	acharlotterampling
achelcieross	achelcieross
astevekuhn	astevekuhn
amarksangster	amarksangster
aindiravarma	aindiravarma
ahughkeaysbyrne	ahughkeaysbyrne
aginachiarelli	aginachiarelli
abruceayoung	abruceayoung
adavidmorrissey	adavidmorrissey
amiguelferrer	amiguelferrer
adorothymalone	adorothymalone
ageorgedzundza	ageorgedzundza
ahughdancy	ahughdancy
abillcable	abillcable
amarccaleb	amarccaleb
afrankcturner	afrankcturner
aalancpeterson	aalancpeterson
anormanarmour	anormanarmour
ajurneesmollett	ajurneesmollett
ajanchappell	ajanchappell
agusmercurio	agusmercurio
acaitlinoheaney	acaitlinoheaney
aterenceharvey	aterenceharvey
adillonmoen	adillonmoen
aleilanisarelle	aleilanisarelle
alloydalan	alloydalan
aconnorwiddows	aconnorwiddows
adebraengle	adebraengle
avolkerranisch	avolkerranisch
aludwigbriand	aludwigbriand
agerdlohmeyer	agerdlohmeyer
astevekalfa	astevekalfa
aguillaumeromain	aguillaumeromain
agabriellelazure	agabriellelazure
ahorstkummeth	ahorstkummeth
aloccorbery	aloccorbery
ajuliedray	ajuliedray
afirminerichard	afirminerichard
ahubertmulzer	ahubertmulzer
asamantharnier	asamantharnier
atommikulla	atommikulla
acoralyzahonero	acoralyzahonero
abrnicebejo	abrnicebejo
abrigittefossey	abrigittefossey
amaxmller	amaxmller
amarenschumacher	amarenschumacher
avincentlecoeur	avincentlecoeur
aestefanacastro	aestefanacastro
ajuttawachowiak	ajuttawachowiak
aarmelledeutsch	aarmelledeutsch
athomasstielner	athomasstielner
afranoisechristophe	afranoisechristophe
apierrearditi	apierrearditi
aclaudiamessner	aclaudiamessner
amarisaburger	amarisaburger
afrancishuster	afrancishuster
atheresascholze	atheresascholze
aalexandrawinisky	aalexandrawinisky
aandreasschwaiger	aandreasschwaiger
akarinthaler	akarinthaler
arenateschroeter	arenateschroeter
adidierdijoux	adidierdijoux
agesinecukrowski	agesinecukrowski
akonstanzebreitebner	akonstanzebreitebner
amarkusbker	amarkusbker
ajrggudzuhn	ajrggudzuhn
adietermann	adietermann
apatricejuiff	apatricejuiff
accilecassel	accilecassel
aleonardlansink	aleonardlansink
aulrichmhe	aulrichmhe
aangelinasarova	aangelinasarova
aivankondov	aivankondov
akirilyanev	akirilyanev
astoychomazgalov	astoychomazgalov
amikhailmikhajlov	amikhailmikhajlov
aganchoganchev	aganchoganchev
amichalbajor	amichalbajor
ahristodinev	ahristodinev
avyarakovacheva	avyarakovacheva
apetardespotov	apetardespotov
asavahashamov	asavahashamov
alyubomirbobchevski	alyubomirbobchevski
amariashopova	amariashopova
akostatsonev	akostatsonev
astefandanailov	astefandanailov
aivanbratanov	aivanbratanov
aemiliaradeva	aemiliaradeva
ageorgistamatov	ageorgistamatov
astefanpejchev	astefanpejchev
adimitarhadzhiyanev	adimitarhadzhiyanev
ajannowicki	ajannowicki
aalicjajachiewicz	aalicjajachiewicz
asonyadjulgerova	asonyadjulgerova
aviktordanchenko	aviktordanchenko
akunkabaeva	akunkabaeva
aantonradichev	aantonradichev
aemilmarkov	aemilmarkov
astefanpetrov	astefanpetrov
atzenokandov	atzenokandov
alyubomirbachvarov	alyubomirbachvarov
aivandimov	aivandimov
aivangrigorov	aivangrigorov
alyubomirkanev	alyubomirkanev
atzvetolyubrakovski	atzvetolyubrakovski
asotirmaynolovski	asotirmaynolovski
aivantonev	aivantonev
abogomilsimeonov	abogomilsimeonov
anevenakokanova	anevenakokanova
anikoladadov	anikoladadov
apetyasilyanova	apetyasilyanova
aluciacammalleri	aluciacammalleri
agiancarloscuderi	agiancarloscuderi
araffaeladavi	araffaeladavi
aenzodimartino	aenzodimartino
aconsuelolupo	aconsuelolupo
afrancomirabella	afrancomirabella
abiagiobarone	abiagiobarone
acesareapolito	acesareapolito
astefanodionisi	astefanodionisi
afabiolobello	afabiolobello
amanueladolcemascolo	amanueladolcemascolo
acorradofortuna	acorradofortuna
aannamariagherardi	aannamariagherardi
amarcocavicchioli	amarcocavicchioli
adonatellafinocchiaro	adonatellafinocchiaro
adanielegalea	adanielegalea
apaolaciampi	apaolaciampi
amanliosgalambro	amanliosgalambro
agabrieleferzetti	agabrieleferzetti
aantoniettacarbonetti	aantoniettacarbonetti
aantoninobruschetta	aantoninobruschetta
amaurizionicolosi	amaurizionicolosi
amaurolenares	amaurolenares
asalvatorelazzaro	asalvatorelazzaro
apieradegliesposti	apieradegliesposti
amarcoleonardi	amarcoleonardi
aserenaautieri	aserenaautieri
aradarassimov	aradarassimov
aileanarigano	aileanarigano
avincenzocrivello	avincenzocrivello
amarcospicuglia	amarcospicuglia
asaromiano	asaromiano
atizianalodato	atizianalodato
anicolegrimaudo	anicolegrimaudo
alaurabetti	alaurabetti
aluciasardo	aluciasardo
acarmelogalati	acarmelogalati
avannifois	avannifois
aauroraquattrocchi	aauroraquattrocchi
abarbaratabita	abarbaratabita
alucavitrano	alucavitrano
apenlopecruz	apenlopecruz
aeddasabatini	aeddasabatini
