asoderberghsteven	asoderberghsteven
apakulaalanj	apakulaalanj
aaltmanroberti	aaltmanroberti
ametcalfestephen	ametcalfestephen
averhoevenpauli	averhoevenpauli
amillergeorgei	amillergeorgei
acatonjonesmichael	acatonjonesmichael
akinkelmartin	akinkelmartin
akronthalerthomas	akronthalerthomas
aengelhardtwilhelm	aengelhardtwilhelm
astephanbernhard	astephanbernhard
aromeclaudemichel	aromeclaudemichel
akappesstphane	akappesstphane
aapprederisfranck	aapprederisfranck
agutjahrrainer	agutjahrrainer
akrgnther	akrgnther
abonnetchristiani	abonnetchristiani
asummereric	asummereric
azensmichael	azensmichael
atonetticlaudio	atonetticlaudio
avergnejeanpierre	avergnejeanpierre
abraunbettinai	abraunbettinai
agustemmanuelii	agustemmanuelii
aklischstefan	aklischstefan
aladogedominique	aladogedominique
atraykovatanas	atraykovatanas
apunchevborislav	apunchevborislav
amarinovichanton	amarinovichanton
asurchadzhievstefani	asurchadzhievstefani
asciveresmarianna	asciveresmarianna
agrimaldiaurelioi	agrimaldiaurelioi
abattiatofranco	abattiatofranco
